param_n_estimators,param_max_depth,mean_test_score,std_test_score,rank_test_score,mean_fit_time
300,20,0.9746529388245255,0.0006718008403224411,1,48.471690797805785
100,20,0.9745407834748745,0.0007971784936632529,2,23.99646453857422
200,,0.9744684406232313,0.0011114046456653238,3,51.093590307235715
200,20,0.9744575558201012,0.0008421442507873747,4,46.974051761627194
300,,0.9743979522780906,0.0007867206332266644,5,69.35376710891724
100,,0.9741749655660087,0.0009624867860687446,6,27.37575044631958
300,10,0.9731786504649487,0.000909334568083835,7,52.776479721069336
200,10,0.9731484553338315,0.0008938876919761632,8,34.83854651451111
100,10,0.9728884609180944,0.0010468453138975714,9,18.63871474266052
